slug	title	owner	url
highlights	Highlights	style-pass.md	https://developers.google.com/style/highlights
philosophy	Philosophy of this guide	style-pass.md	https://developers.google.com/style/philosophy
tone	Voice and tone	style-prose.md	https://developers.google.com/style/tone
person	Second person	style-prose.md	https://developers.google.com/style/person
voice	Active voice	style-prose.md	https://developers.google.com/style/voice
tense	Present tense	style-prose.md	https://developers.google.com/style/tense
anthropomorphism	Anthropomorphism	style-prose.md	https://developers.google.com/style/anthropomorphism
prescriptive-documentation	Prescriptive documentation	style-prose.md	https://developers.google.com/style/prescriptive-documentation
sentence-structure	Sentence structure	style-prose.md	https://developers.google.com/style/sentence-structure
paragraph-structure	Paragraphs	style-prose.md	https://developers.google.com/style/paragraph-structure
articles	Articles (a, an, the)	style-prose.md	https://developers.google.com/style/articles
pronouns	Pronouns	style-prose.md	https://developers.google.com/style/pronouns
possessives	Possessives	style-prose.md	https://developers.google.com/style/possessives
pluralization	Pluralization	style-prose.md	https://developers.google.com/style/pluralization
prepositions	Prepositions	style-prose.md	https://developers.google.com/style/prepositions
contractions	Contractions	style-prose.md	https://developers.google.com/style/contractions
word-list	Word list	style-words.md	https://developers.google.com/style/word-list
spelling	Spelling (redirects to the word list)	style-words.md	https://developers.google.com/style/spelling
abbreviations	Abbreviations	style-words.md	https://developers.google.com/style/abbreviations
jargon	Jargon	style-words.md	https://developers.google.com/style/jargon
translation	Global audience	style-prose.md	https://developers.google.com/style/translation
accessibility	Accessibility	style-prose.md	https://developers.google.com/style/accessibility
inclusive-documentation	Inclusive language	style-words.md	https://developers.google.com/style/inclusive-documentation
headings	Headings and titles	style-structure.md	https://developers.google.com/style/headings
lists	Lists	style-structure.md	https://developers.google.com/style/lists
procedures	Procedures	style-structure.md	https://developers.google.com/style/procedures
notices	Notes and other notices	style-structure.md	https://developers.google.com/style/notices
tables	Tables	style-structure.md	https://developers.google.com/style/tables
footnotes	Footnotes	style-structure.md	https://developers.google.com/style/footnotes
images	Figures and other images	style-format.md	https://developers.google.com/style/images
text-formatting	Text-formatting summary	style-format.md	https://developers.google.com/style/text-formatting
capitalization	Capitalization	style-format.md	https://developers.google.com/style/capitalization
italics-terms	Italics with terms	style-format.md	https://developers.google.com/style/italics-terms
markdown	Markdown versus HTML	style-format.md	https://developers.google.com/style/markdown
semantic-tagging	HTML and semantic tagging	style-format.md	https://developers.google.com/style/semantic-tagging
html-formatting	HTML formatting	style-format.md	https://developers.google.com/style/html-formatting
filenames	Filenames	style-format.md	https://developers.google.com/style/filenames
colons	Colons	style-punctuation.md	https://developers.google.com/style/colons
commas	Commas	style-punctuation.md	https://developers.google.com/style/commas
dashes	Dashes	style-punctuation.md	https://developers.google.com/style/dashes
ellipses	Ellipses	style-punctuation.md	https://developers.google.com/style/ellipses
hyphens	Hyphens	style-punctuation.md	https://developers.google.com/style/hyphens
parentheses	Parentheses	style-punctuation.md	https://developers.google.com/style/parentheses
periods	Periods and end punctuation	style-punctuation.md	https://developers.google.com/style/periods
quotation-marks	Quotation marks	style-punctuation.md	https://developers.google.com/style/quotation-marks
semicolons	Semicolons	style-punctuation.md	https://developers.google.com/style/semicolons
slashes	Slashes	style-punctuation.md	https://developers.google.com/style/slashes
format-examples	Examples (how to introduce one)	style-punctuation.md	https://developers.google.com/style/format-examples
numbers	Numbers	style-punctuation.md	https://developers.google.com/style/numbers
dates-times	Dates and times	style-punctuation.md	https://developers.google.com/style/dates-times
units-of-measure	Units of measurement	style-punctuation.md	https://developers.google.com/style/units-of-measure
phone-numbers	Phone numbers	style-punctuation.md	https://developers.google.com/style/phone-numbers
mathematical-notation	Mathematical notation	style-punctuation.md	https://developers.google.com/style/mathematical-notation
code-in-text	Code in text	style-code.md	https://developers.google.com/style/code-in-text
code-samples	Code samples	style-code.md	https://developers.google.com/style/code-samples
code-syntax	Command-line syntax	style-code.md	https://developers.google.com/style/code-syntax
placeholders	Placeholder formatting	style-code.md	https://developers.google.com/style/placeholders
examples	Example domains and names	style-claims.md	https://developers.google.com/style/examples
ui-elements	UI elements and interaction	style-format.md	https://developers.google.com/style/ui-elements
cross-references	Cross-references and linking	style-claims.md	https://developers.google.com/style/cross-references
headings-targets	Headings as link targets	style-claims.md	https://developers.google.com/style/headings-targets
timeless-documentation	Timeless documentation	style-claims.md	https://developers.google.com/style/timeless-documentation
future	Future features	style-claims.md	https://developers.google.com/style/future
excessive-claims	Excessive claims	style-claims.md	https://developers.google.com/style/excessive-claims
other-sources	Third-party content	style-claims.md	https://developers.google.com/style/other-sources
trademarks	Trademarks	style-claims.md	https://developers.google.com/style/trademarks
product-names	Product names	style-claims.md	https://developers.google.com/style/product-names
api-reference-comments	API reference code comments	style-code.md	https://developers.google.com/style/api-reference-comments
reference-verbs	Verbs in reference documents	style-code.md	https://developers.google.com/style/reference-verbs
