qid,worker,quality,input_tokens,cache_creation_input_tokens,cache_read_input_tokens,output_tokens,total_tokens,reported_worker_cost_usd,incremental_reflection_tokens,incremental_reflection_cost_usd,tool_counts,tool_errors,native_row_errors
G01,octocode,8,10,18548,107551,3426,129535,0.1299822,22047,0.09164,"{""mcp__octocode__ghGetFileContent"": 3, ""mcp__octocode__ghGetHistoryItem"": 2}",0,0
G01,rg-gh,7,8,16297,28957,3337,48599,0.1043654,20366,0.08444200000000002,"{""Bash"": 3}",0,0
G02,octocode,8,8,13774,72947,1902,88631,0.0887214,16206,0.06778400000000001,"{""mcp__octocode__ghGetHistoryItem"": 3}",0,0
G02,rg-gh,8,6,13827,12519,1667,28019,0.0744938,16573,0.06922800000000001,"{""Bash"": 2}",0,0
G03,octocode,9,4,10410,29812,1143,41369,0.0590404,12623,0.053986,"{""mcp__octocode__ghGetHistoryItem"": 1}",0,0
G03,rg-gh,8,4,10222,6561,1188,17975,0.0540882,12747,0.053606,"{""Bash"": 1}",0,0
G04,octocode,8,6,7099,47577,1004,55686,0.0479634,9136,0.040794,"{""mcp__octocode__ghGetHistoryItem"": 2}",0,0
G04,rg-gh,8.5,6,6719,12392,1135,20252,0.0407164,9084,0.03923600000000001,"{""Bash"": 2}",0,0
G05,octocode,8,10,10205,88907,2229,101351,0.08091140000000001,13346,0.05885799999999998,"{""mcp__octocode__ghGetFileContent"": 4}",1,0
G05,rg-gh,9,8,8258,20952,1824,31042,0.0554784,11018,0.04692400000000001,"{""Bash"": 3}",0,0
G06,octocode,7,4,6753,29812,1305,37874,0.0460324,9230,0.04247200000000001,"{""mcp__octocode__ghGetFileContent"": 2}",0,0
G06,rg-gh,9,8,7254,18990,1607,27859,0.0489,10300,0.04668,"{""Bash"": 3}",0,0
G07,octocode,8,4,7610,29811,2336,39761,0.05977020000000001,10713,0.047888,"{""mcp__octocode__ghGetFileContent"": 2}",0,0
G07,rg-gh,10,6,10110,16217,2202,28535,0.06571540000000001,13265,0.05613399999999999,"{""Bash"": 3}",0,0
G08,octocode,8,6,6353,47533,968,54860,0.0446106,8333,0.03787599999999999,"{""mcp__octocode__ghGetHistoryItem"": 2, ""mcp__octocode__ghSearchHistory"": 1}",0,0
G08,rg-gh,9,6,6459,12511,987,19963,0.038220199999999996,8845,0.039473999999999995,"{""Bash"": 2}",0,0
G09,octocode,9,8,13025,66790,1567,81390,0.08114400000000001,15202,0.06371999999999998,"{""mcp__octocode__ghGetHistoryItem"": 2, ""mcp__octocode__ghSearchHistory"": 1}",0,1
G09,rg-gh,8,6,8415,13327,1417,23165,0.0505074,11359,0.05080199999999999,"{""Bash"": 2}",0,0
G10,octocode,6.5,6,19619,56845,1905,78375,0.108907,22256,0.09193599999999999,"{""mcp__octocode__ghGetHistoryItem"": 2}",0,0
G10,rg-gh,9.5,6,11235,13110,1810,26161,0.06567400000000001,14154,0.059408000000000016,"{""Bash"": 2}",0,0
L01,octocode,9,6,5350,46804,1323,53483,0.0440028,7731,0.035761999999999995,"{""mcp__octocode__localFetch"": 1, ""mcp__octocode__localSearch"": 1}",0,0
L01,rg-gh,10,6,6840,12799,1289,20934,0.0428218,9400,0.04009200000000001,"{""Bash"": 2}",0,0
L02,octocode,9,8,5802,65213,1584,72607,0.052106599999999996,8454,0.040982,"{""mcp__octocode__localFetch"": 2, ""mcp__octocode__localSearch"": 2}",0,0
L02,rg-gh,9,6,5026,11969,1044,18045,0.0329498,8001,0.038216,"{""Bash"": 2}",0,0
L03,octocode,9,10,12240,92429,3163,107842,0.0990958,15164,0.066484,"{""mcp__octocode__localFetch"": 5, ""mcp__octocode__localSearch"": 4}",0,0
L03,rg-gh,9,6,7427,12869,1667,21969,0.0489638,10555,0.046248,"{""Bash"": 2}",0,0
L04,octocode,8,12,15776,123251,3587,142626,0.1236482,18789,0.07967600000000001,"{""mcp__octocode__localFetch"": 6, ""mcp__octocode__localSearch"": 3}",0,0
L04,rg-gh,8.5,14,15030,66380,2918,84342,0.10260400000000001,18498,0.07677199999999999,"{""Bash"": 6}",0,0
L05,octocode,9,6,6013,47745,1071,54835,0.044323,8094,0.037106,"{""mcp__octocode__localFetch"": 1, ""mcp__octocode__localSearch"": 1}",0,0
L05,rg-gh,8.75,6,6375,13281,1122,20784,0.0393882,8855,0.038146,"{""Bash"": 2}",0,0
L06,octocode,9,6,6348,47823,1330,55507,0.0482686,8479,0.03799199999999999,"{""mcp__octocode__localFetch"": 1, ""mcp__octocode__localSearch"": 1}",0,1
L06,rg-gh,9,8,7220,21213,1463,29904,0.0477686,9847,0.04243199999999999,"{""Bash"": 3}",0,0
L07,octocode,8.5,6,9665,49925,2208,61804,0.07073700000000001,12317,0.054220000000000004,"{""mcp__octocode__localFetch"": 4, ""mcp__octocode__localSearch"": 1}",0,0
L07,rg-gh,10,6,9343,14331,1530,25210,0.0555502,12108,0.05128399999999999,"{""Bash"": 2}",0,0
L08,octocode,8,8,9191,69425,1988,80612,0.070545,11471,0.050115999999999994,"{""mcp__octocode__localFetch"": 3, ""mcp__octocode__localSearch"": 2}",0,0
L08,rg-gh,9,10,8550,30139,1686,40385,0.0571078,11374,0.04970400000000001,"{""Bash"": 4}",0,0
L09,octocode,8,14,18649,150312,4579,173554,0.1504764,20992,0.086874,"{""mcp__octocode__localFetch"": 12, ""mcp__octocode__localSearch"": 3}",0,0
L09,rg-gh,10,10,12091,38074,2157,52332,0.0775688,15028,0.06323400000000001,"{""Bash"": 4}",0,0
L10,octocode,9,10,10792,93688,2176,106666,0.08368560000000001,13642,0.05950200000000001,"{""mcp__octocode__localFetch"": 1, ""mcp__octocode__localSearch"": 3}",1,1
L10,rg-gh,9,6,8202,12179,1787,22174,0.0531258,11352,0.048283999999999994,"{""Bash"": 2}",0,0
L11,octocode,7.5,8,9354,69408,2127,80897,0.0725836,11574,0.049628000000000005,"{""mcp__octocode__localFetch"": 2, ""mcp__octocode__localSearch"": 3}",0,0
L11,rg-gh,9,8,8652,22676,1743,33079,0.056589200000000006,11892,0.052879999999999996,"{""Bash"": 3}",0,0
L12,octocode,9,8,12477,71314,2421,86220,0.0883968,15158,0.065554,"{""mcp__octocode__localFetch"": 2, ""mcp__octocode__localSearch"": 2}",0,0
L12,rg-gh,9,6,7254,13336,1433,22029,0.0460252,10023,0.042896000000000004,"{""Bash"": 2}",0,0
L13,octocode,8,6,10086,47082,1893,59067,0.0687024,12216,0.052094,"{""mcp__octocode__localFetch"": 2, ""mcp__octocode__localSearch"": 2}",0,0
L13,rg-gh,7.5,8,8802,20566,1640,31016,0.0557372,11979,0.053419999999999995,"{""Bash"": 3}",0,0
L14,octocode,8,6,5309,46769,1580,53664,0.0464018,7764,0.03492800000000001,"{""mcp__octocode__localFetch"": 1, ""mcp__octocode__localSearch"": 1}",0,0
L14,rg-gh,8.5,8,5623,17524,1628,24783,0.0422928,8562,0.037424000000000006,"{""Bash"": 3}",0,0
L15,octocode,9,6,9897,47850,1462,59215,0.06379,12248,0.053332000000000004,"{""mcp__octocode__localFetch"": 1, ""mcp__octocode__localSearch"": 1}",0,0
L15,rg-gh,10,6,8210,13362,1736,23314,0.0528844,10964,0.046984,"{""Bash"": 2}",0,0
L16,octocode,9,8,6781,66835,2070,75694,0.061207,8870,0.038602,"{""mcp__octocode__localFetch"": 1, ""mcp__octocode__localSearch"": 4}",0,0
L16,rg-gh,9.5,14,9122,46661,2470,58267,0.0705482,12020,0.050949999999999995,"{""Bash"": 6}",0,0
L17,octocode,8.5,6,7820,48398,2125,58349,0.062221599999999995,10306,0.04584599999999999,"{""mcp__octocode__localFetch"": 1, ""mcp__octocode__localSearch"": 4}",0,0
L17,rg-gh,8,8,7519,20129,1594,29250,0.0500578,10514,0.047200000000000006,"{""Bash"": 3}",0,0
L18,octocode,8.5,8,14073,70421,2325,86827,0.09364220000000001,16315,0.06822600000000001,"{""mcp__octocode__localFetch"": 3, ""mcp__octocode__localSearch"": 2}",0,0
L18,rg-gh,10,10,12501,39635,1802,53948,0.075971,15581,0.06690999999999998,"{""Bash"": 4}",0,0
L19,octocode,9,10,10146,84398,1964,96518,0.0771236,12649,0.055985999999999994,"{""mcp__octocode__localFetch"": 2, ""mcp__octocode__localSearch"": 2, ""mcp__octocode__structureSearch"": 1}",1,1
L19,rg-gh,9.5,8,9386,23516,1446,34356,0.0567232,12470,0.055594000000000005,"{""Bash"": 3}",0,0
L20,octocode,9,8,10397,73772,2182,86359,0.07817840000000001,12680,0.054064,"{""mcp__octocode__localFetch"": 1, ""mcp__octocode__localSearch"": 2, ""mcp__octocode__structureSearch"": 1}",0,0
L20,rg-gh,10,6,7481,13957,1393,22837,0.0466574,10243,0.044016,"{""Bash"": 2}",0,0
